cs1,cs2,cs3,n_images,agree_all_frac_mean,agree12_frac_mean,agree13_frac_mean,agree23_frac_mean,miou1_imgmean,miou2_imgmean,miou3_imgmean,miouE_imgmean,miou1_dataset,miou2_dataset,miou3_dataset,miouE_dataset,best_single_dataset,ensemble_gain_over_best_single
c02,jzazbz,srgb_linear,10,0.8571612874699357,0.9280247114809924,0.8833168196272556,0.9016544266659547,7.796517775252461,7.943999943381203,7.496828610605661,8.262280317856895,33.77989990197807,35.48254059634142,31.15979519695565,36.64716889192131,35.48254059634142,1.1646282955798881
jzazbz,jzczhz,srgb_linear,10,0.8394107989699557,0.9100334886716965,0.9016544266659547,0.8640594007659332,7.943999943381203,7.6139420129962785,7.496828610605661,8.257450337278835,35.48254059634142,32.057920716895914,31.15979519695565,36.48487380452711,35.48254059634142,1.0023332081856893
jzazbz,oklab,rgb,10,0.9180332953104215,0.9571108843144291,0.9400443106296992,0.938205366135797,7.943999943381203,7.828507696346305,7.673425436314167,8.042824362652931,35.48254059634142,35.39255811487449,32.72496099337972,36.466167862652696,35.48254059634142,0.9836272663112737
hsv_conic,jzazbz,xyz,10,0.7979707380235748,0.9490967037589624,0.8225911876234253,0.823468652129832,7.91775324491911,7.943999943381203,6.646894189985868,8.136442732424348,34.595471137060706,35.48254059634142,26.761019442700896,36.46477116594022,35.48254059634142,0.9822305695987978
jzazbz,oklch,srgb_linear,10,0.8275664086804293,0.8927790572384648,0.9016544266659547,0.8592273158915689,7.943999943381203,7.8159916984152575,7.496828610605661,8.253795276959877,35.48254059634142,32.661160784563286,31.15979519695565,36.401704796637084,35.48254059634142,0.9191642002956613
c16,jzazbz,srgb_linear,10,0.8698076135382923,0.945304482431502,0.8915819483184491,0.9016544266659547,7.832689776667282,7.943999943381203,7.496828610605661,8.262017067905354,33.256139919264164,35.48254059634142,31.15979519695565,36.394707601981324,35.48254059634142,0.9121670056399012
jzazbz,rgb,ycbcr_bt709,10,0.9074016364041997,0.9400443106296992,0.9399997939030333,0.934327573864489,7.943999943381203,7.673425436314167,7.830464716896323,8.081208937795347,35.48254059634142,32.72496099337972,34.730908314849835,36.38321225121639,35.48254059634142,0.9006716548749694
jzazbz,oklch,xyz,10,0.7508935532676964,0.8927790572384648,0.823468652129832,0.7840476845922458,7.943999943381203,7.8159916984152575,6.646894189985868,8.232499712599779,35.48254059634142,32.661160784563286,26.761019442700896,36.35183517173209,35.48254059634142,0.8692945753906685
cielab,jzazbz,oklab,10,0.9280898364523562,0.947718662042884,0.9508551373258427,0.9571108843144291,7.573457329032071,7.943999943381203,7.828507696346305,8.006545374935452,32.833098980563705,35.48254059634142,35.39255811487449,36.33790585919874,35.48254059634142,0.855365262857319
cielab,jzazbz,ycbcr_bt709,10,0.9141606733989821,0.947718662042884,0.9404343766803901,0.9399997939030333,7.573457329032071,7.943999943381203,7.830464716896323,8.05512087665884,32.833098980563705,35.48254059634142,34.730908314849835,36.27701655268991,35.48254059634142,0.7944759563484851
ictcp_pq,rgb,ycbcr_bt709,10,0.8419051479521793,0.8717592922676731,0.8760256573171065,0.934327573864489,7.286426627201346,7.673425436314167,7.830464716896323,8.05740680352749,32.70964465056424,32.72496099337972,34.730908314849835,36.272834946343465,34.730908314849835,1.5419266314936309
cielab,ictcp_pq,ycbcr_bt709,10,0.8489967158326494,0.8799639094442494,0.9404343766803901,0.8760256573171065,7.573457329032071,7.286426627201346,7.830464716896323,8.047491547607297,32.833098980563705,32.70964465056424,34.730908314849835,36.26385053713821,34.730908314849835,1.5329422222883764
ictcp_pq,oklab,rgb,10,0.853689025656988,0.8949742503955356,0.8717592922676731,0.938205366135797,7.286426627201346,7.828507696346305,7.673425436314167,7.992900717411797,32.70964465056424,35.39255811487449,32.72496099337972,36.24471660954885,35.39255811487449,0.852158494674363
c02,oklab,srgb_linear,10,0.8655312290531851,0.940216882760239,0.8833168196272556,0.9067578798705721,7.796517775252461,7.828507696346305,7.496828610605661,8.156770433379794,33.77989990197807,35.39255811487449,31.15979519695565,36.24470866917128,35.39255811487449,0.8521505542967915
jzazbz,oklab,srgb_linear,10,0.883499149916496,0.9571108843144291,0.9016544266659547,0.9067578798705721,7.943999943381203,7.828507696346305,7.496828610605661,7.999507336597714,35.48254059634142,35.39255811487449,31.15979519695565,36.219682042350215,35.48254059634142,0.737141446008792
jzazbz,oklab,xyz,10,0.8064506915631279,0.9571108843144291,0.823468652129832,0.8313000965821944,7.943999943381203,7.828507696346305,6.646894189985868,7.984652216842369,35.48254059634142,35.39255811487449,26.761019442700896,36.21180674630203,35.48254059634142,0.7292661499606083
c02,jzazbz,xyz,10,0.7862694451057862,0.9280247114809924,0.8197369389759978,0.823468652129832,7.796517775252461,7.943999943381203,6.646894189985868,8.134297280453726,33.77989990197807,35.48254059634142,26.761019442700896,36.14667429635654,35.48254059634142,0.664133700015114
hsv_conic,jzazbz,srgb_linear,10,0.8727431267723335,0.9490967037589624,0.8939211207245401,0.9016544266659547,7.91775324491911,7.943999943381203,7.496828610605661,8.073583861352642,34.595471137060706,35.48254059634142,31.15979519695565,36.14488608101982,35.48254059634142,0.6623454846783972
hsv_conic,oklab,xyz,10,0.8025641213948573,0.9508756460092446,0.8225911876234253,0.8313000965821944,7.91775324491911,7.828507696346305,6.646894189985868,8.050846080887698,34.595471137060706,35.39255811487449,26.761019442700896,36.13580065289143,35.39255811487449,0.7432425380169434
cielab,ictcp_pq,oklab,10,0.8640733072654486,0.8799639094442494,0.9508551373258427,0.8949742503955356,7.573457329032071,7.286426627201346,7.828507696346305,7.933305559086253,32.833098980563705,32.70964465056424,35.39255811487449,36.1054428220297,35.39255811487449,0.7128847071552116
hsv_conic,ictcp_pq,jzazbz,10,0.8719198651658969,0.8833828997277997,0.9490967037589624,0.9107417779428364,7.91775324491911,7.286426627201346,7.943999943381203,8.004776211985067,34.595471137060706,32.70964465056424,35.48254059634142,35.9466198064791,35.48254059634142,0.46407921013767606
ictcp_pq,oklch,srgb_linear,10,0.7762732747569231,0.8397021995254036,0.8498279690270133,0.8592273158915689,7.286426627201346,7.8159916984152575,7.496828610605661,8.174735769879103,32.70964465056424,32.661160784563286,31.15979519695565,35.94273257168638,32.70964465056424,3.2330879211221344
c16,jzazbz,xyz,10,0.7945174614198882,0.945304482431502,0.819191675703592,0.823468652129832,7.832689776667282,7.943999943381203,6.646894189985868,8.177501747518416,33.256139919264164,35.48254059634142,26.761019442700896,35.93911409661672,35.48254059634142,0.4565735002752973
ictcp_pq,jzazbz,oklch,10,0.8220924778323943,0.9107417779428364,0.8397021995254036,0.8927790572384648,7.286426627201346,7.943999943381203,7.8159916984152575,8.058174099691898,32.70964465056424,35.48254059634142,32.661160784563286,35.935709143607916,35.48254059634142,0.45316854726649325
hsv_conic,oklab,srgb_linear,10,0.8761254103281267,0.9508756460092446,0.8939211207245401,0.9067578798705721,7.91775324491911,7.828507696346305,7.496828610605661,8.005762567545348,34.595471137060706,35.39255811487449,31.15979519695565,35.88759143309779,35.39255811487449,0.49503331822329955
jzazbz,xyz,ycbcr_bt709,10,0.8086241513048483,0.823468652129832,0.9399997939030333,0.8530732601696454,7.943999943381203,6.646894189985868,7.830464716896323,7.983530063264391,35.48254059634142,26.761019442700896,34.730908314849835,35.88219082855009,35.48254059634142,0.39965023220866414
c02,oklab,xyz,10,0.7958635946881575,0.940216882760239,0.8197369389759978,0.8313000965821944,7.796517775252461,7.828507696346305,6.646894189985868,8.053191267158589,33.77989990197807,35.39255811487449,26.761019442700896,35.85189001742106,35.39255811487449,0.4593319025465732
jzazbz,srgb_linear,ycbcr_bt709,10,0.8873951763958228,0.9016544266659547,0.9399997939030333,0.9320252787296435,7.943999943381203,7.496828610605661,7.830464716896323,7.9783400397586295,35.48254059634142,31.15979519695565,34.730908314849835,35.798736935997354,35.48254059634142,0.3161963396559315
c16,ictcp_pq,srgb_linear,10,0.8106393224946411,0.8767441144701673,0.8915819483184491,0.8498279690270133,7.832689776667282,7.286426627201346,7.496828610605661,8.115574261428268,33.256139919264164,32.70964465056424,31.15979519695565,35.75975690677778,33.256139919264164,2.5036169875136167
cielab,ictcp_pq,jzazbz,10,0.869691890483448,0.8799639094442494,0.947718662042884,0.9107417779428364,7.573457329032071,7.286426627201346,7.943999943381203,7.966347384662117,32.833098980563705,32.70964465056424,35.48254059634142,35.75795905306452,35.48254059634142,0.27541845672309506
ictcp_pq,jzazbz,rgb,10,0.8616903974061323,0.9107417779428364,0.8717592922676731,0.9400443106296992,7.286426627201346,7.943999943381203,7.673425436314167,7.977470036199807,32.70964465056424,35.48254059634142,32.72496099337972,35.724264318394376,35.48254059634142,0.2417237220529529
ictcp_pq,jzazbz,ycbcr_bt709,10,0.8642741934238034,0.9107417779428364,0.8760256573171065,0.9399997939030333,7.286426627201346,7.943999943381203,7.830464716896323,7.965648019653048,32.70964465056424,35.48254059634142,34.730908314849835,35.64397987257924,35.48254059634142,0.1614392762378145
ictcp_pq,oklab,srgb_linear,10,0.8267795522413708,0.8949742503955356,0.8498279690270133,0.9067578798705721,7.286426627201346,7.828507696346305,7.496828610605661,7.882426509819934,32.70964465056424,35.39255811487449,31.15979519695565,35.61119697988622,35.39255811487449,0.21863886501173369
c16,ictcp_pq,jzazbz,10,0.8666257830310352,0.8767441144701673,0.945304482431502,0.9107417779428364,7.832689776667282,7.286426627201346,7.943999943381203,7.969018392309894,33.256139919264164,32.70964465056424,35.48254059634142,35.60896552392522,35.48254059634142,0.1264249275837983
cielab,hsv_conic,jzazbz,10,0.9287520180473378,0.9604017465403342,0.947718662042884,0.9490967037589624,7.573457329032071,7.91775324491911,7.943999943381203,7.966321666708071,32.833098980563705,34.595471137060706,35.48254059634142,35.58523141972333,35.48254059634142,0.10269082338190572
hsv_conic,ictcp_pq,srgb_linear,10,0.8146428921448662,0.8833828997277997,0.8939211207245401,0.8498279690270133,7.91775324491911,7.286426627201346,7.496828610605661,7.944459689608522,34.595471137060706,32.70964465056424,31.15979519695565,35.57721171338899,34.595471137060706,0.9817405763282849
c02,jzazbz,ycbcr_bt709,10,0.8963824595898467,0.9280247114809924,0.9247020904423741,0.9399997939030333,7.796517775252461,7.943999943381203,7.830464716896323,8.007519894619712,33.77989990197807,35.48254059634142,34.730908314849835,35.55402946317332,35.48254059634142,0.07148886683189914
c02,ictcp_pq,srgb_linear,10,0.8095523731505164,0.8826958123373826,0.8833168196272556,0.8498279690270133,7.796517775252461,7.286426627201346,7.496828610605661,8.01532925089366,33.77989990197807,32.70964465056424,31.15979519695565,35.52896014577412,33.77989990197807,1.7490602437960519
c02,cielab,jzazbz,10,0.9068895889529373,0.9371273093720178,0.9280247114809924,0.947718662042884,7.796517775252461,7.573457329032071,7.943999943381203,7.902292216147425,33.77989990197807,32.833098980563705,35.48254059634142,35.516891674158686,35.48254059634142,0.034351077817262876
jzczhz,oklab,ycbcr_bt709,10,0.8768764334557778,0.8990338981361082,0.8981062955867218,0.9560140624102825,7.6139420129962785,7.828507696346305,7.830464716896323,7.994683274193839,32.057920716895914,35.39255811487449,34.730908314849835,35.51675579911988,35.39255811487449,0.12419768424538802
cielab,hsv_conic,ictcp_pq,10,0.8622159297523992,0.9604017465403342,0.8799639094442494,0.8833828997277997,7.573457329032071,7.91775324491911,7.286426627201346,7.965124447716707,32.833098980563705,34.595471137060706,32.70964465056424,35.51064919485506,34.595471137060706,0.9151780577943569
hsv_conic,ictcp_pq,rgb,10,0.8631882864561611,0.8833828997277997,0.9708135489807216,0.8717592922676731,7.91775324491911,7.286426627201346,7.673425436314167,8.001370296745476,34.595471137060706,32.70964465056424,32.72496099337972,35.496035782666596,34.595471137060706,0.9005646456058898
hsv_conic,jzazbz,oklab,10,0.9285590198357291,0.9490967037589624,0.9508756460092446,0.9571108843144291,7.91775324491911,7.943999943381203,7.828507696346305,7.936849072006163,34.595471137060706,35.48254059634142,35.39255811487449,35.42785266205498,35.48254059634142,-0.054687934286441475
hsv_conic,jzazbz,ycbcr_bt709,10,0.9215038625291024,0.9490967037589624,0.9538996441626763,0.9399997939030333,7.91775324491911,7.943999943381203,7.830464716896323,7.985541716190146,34.595471137060706,35.48254059634142,34.730908314849835,35.41953612353467,35.48254059634142,-0.06300447280675314
ictcp_pq,jzazbz,oklab,10,0.8821323752884762,0.9107417779428364,0.8949742503955356,0.9571108843144291,7.286426627201346,7.943999943381203,7.828507696346305,7.894717431740273,32.70964465056424,35.48254059634142,35.39255811487449,35.41045644334152,35.48254059634142,-0.07208415299989923
hsv_conic,ictcp_pq,ycbcr_bt709,10,0.857243691821356,0.8833828997277997,0.9538996441626763,0.8760256573171065,7.91775324491911,7.286426627201346,7.830464716896323,7.96409657377117,34.595471137060706,32.70964465056424,34.730908314849835,35.38609198912297,34.730908314849835,0.6551836742731325
hsv_conic,jzazbz,rgb,10,0.9302096002475657,0.9490967037589624,0.9708135489807216,0.9400443106296992,7.91775324491911,7.943999943381203,7.673425436314167,7.989362943910871,34.595471137060706,35.48254059634142,32.72496099337972,35.37800100150782,35.48254059634142,-0.10453959483360364
hsv_conic,ictcp_pq,oklab,10,0.8654527333956313,0.8833828997277997,0.9508756460092446,0.8949742503955356,7.91775324491911,7.286426627201346,7.828507696346305,7.901075599715858,34.595471137060706,32.70964465056424,35.39255811487449,35.37007208766577,35.39255811487449,-0.022486027208721282
c02,jzazbz,oklab,10,0.9126773714135586,0.9280247114809924,0.940216882760239,0.9571108843144291,7.796517775252461,7.943999943381203,7.828507696346305,7.907754508583855,33.77989990197807,35.48254059634142,35.39255811487449,35.368629618701284,35.48254059634142,-0.11391097764013836
oklab,xyz,ycbcr_bt709,10,0.8203760808385463,0.8313000965821944,0.9560140624102825,0.8530732601696454,7.828507696346305,6.646894189985868,7.830464716896323,7.888351555707553,35.39255811487449,26.761019442700896,34.730908314849835,35.34227872887619,35.39255811487449,-0.05027938599830151
oklab,oklch,ycbcr_bt709,10,0.8669113207083898,0.8821503410495527,0.9560140624102825,0.8955676128072436,7.828507696346305,7.8159916984152575,7.830464716896323,7.988020572956086,35.39255811487449,32.661160784563286,34.730908314849835,35.3361503870947,35.39255811487449,-0.05640772777979208
jzazbz,oklab,ycbcr_bt709,10,0.9265835623298406,0.9571108843144291,0.9399997939030333,0.9560140624102825,7.943999943381203,7.828507696346305,7.830464716896323,7.89383306434569,35.48254059634142,35.39255811487449,34.730908314849835,35.33111087368835,35.48254059634142,-0.1514297226530701
hsv_conic,oklab,ycbcr_bt709,10,0.930404257129425,0.9508756460092446,0.9538996441626763,0.9560140624102825,7.91775324491911,7.828507696346305,7.830464716896323,7.939254060729449,34.595471137060706,35.39255811487449,34.730908314849835,35.32660285954694,35.39255811487449,-0.06595525532755175
c16,oklab,srgb_linear,10,0.8688006077766566,0.9387300436517169,0.8915819483184491,0.9067578798705721,7.832689776667282,7.828507696346305,7.496828610605661,8.06889112471676,33.256139919264164,35.39255811487449,31.15979519695565,35.324004956065856,35.39255811487449,-0.06855315880863344
ictcp_pq,jzazbz,srgb_linear,10,0.8320809586741895,0.9107417779428364,0.8498279690270133,0.9016544266659547,7.286426627201346,7.943999943381203,7.496828610605661,7.886855253590648,32.70964465056424,35.48254059634142,31.15979519695565,35.30930948516563,35.48254059634142,-0.17323111117579515
oklab,srgb_linear,ycbcr_bt709,10,0.897609724277704,0.9067578798705721,0.9560140624102825,0.9320252787296435,7.828507696346305,7.496828610605661,7.830464716896323,7.893686430585494,35.39255811487449,31.15979519695565,34.730908314849835,35.29493211041289,35.39255811487449,-0.09762600446160263
jzazbz,jzczhz,oklab,10,0.8838845471379629,0.9100334886716965,0.9571108843144291,0.8990338981361082,7.943999943381203,7.6139420129962785,7.828507696346305,7.922372844640779,35.48254059634142,32.057920716895914,35.39255811487449,35.28840686931399,35.48254059634142,-0.1941337270274346
cielab,jzazbz,oklch,10,0.8617410469677687,0.947718662042884,0.8818726509016935,0.8927790572384648,7.573457329032071,7.943999943381203,7.8159916984152575,7.939604955185267,32.833098980563705,35.48254059634142,32.661160784563286,35.27998641309284,35.48254059634142,-0.20255418324858
jzazbz,oklab,oklch,10,0.8660519153531194,0.9571108843144291,0.8927790572384648,0.8821503410495527,7.943999943381203,7.828507696346305,7.8159916984152575,7.927963903757397,35.48254059634142,35.39255811487449,32.661160784563286,35.27662099707399,35.48254059634142,-0.20591959926743186
cielab,ictcp_pq,oklch,10,0.8016150533887674,0.8799639094442494,0.8818726509016935,0.8397021995254036,7.573457329032071,7.286426627201346,7.8159916984152575,7.984712501283099,32.833098980563705,32.70964465056424,32.661160784563286,35.272908091299946,32.833098980563705,2.439809110736242
ictcp_pq,oklab,ycbcr_bt709,10,0.8637651064187477,0.8949742503955356,0.8760256573171065,0.9560140624102825,7.286426627201346,7.828507696346305,7.830464716896323,7.880158910898618,32.70964465056424,35.39255811487449,34.730908314849835,35.257825144942906,35.39255811487449,-0.13473296993158357
cielab,jzazbz,jzczhz,10,0.8788341845113286,0.947718662042884,0.8983047276893142,0.9100334886716965,7.573457329032071,7.943999943381203,7.6139420129962785,7.942564553136705,32.833098980563705,35.48254059634142,32.057920716895914,35.25439222987747,35.48254059634142,-0.2281483664639552
ictcp_pq,oklab,oklch,10,0.8094172597567031,0.8949742503955356,0.8397021995254036,0.8821503410495527,7.286426627201346,7.828507696346305,7.8159916984152575,7.94897424693981,32.70964465056424,35.39255811487449,32.661160784563286,35.252091590706335,35.39255811487449,-0.1404665241681542
c02,srgb_linear,ycbcr_bt709,10,0.8705881351181995,0.8833168196272556,0.9247020904423741,0.9320252787296435,7.796517775252461,7.496828610605661,7.830464716896323,8.03259012067439,33.77989990197807,31.15979519695565,34.730908314849835,35.239548902165815,34.730908314849835,0.5086405873159805
c02,oklab,ycbcr_bt709,10,0.9104692124172262,0.940216882760239,0.9247020904423741,0.9560140624102825,7.796517775252461,7.828507696346305,7.830464716896323,7.89904452715316,33.77989990197807,35.39255811487449,34.730908314849835,35.22081812277481,35.39255811487449,-0.17173999209968116
c02,jzazbz,rgb,10,0.9053038707920532,0.9280247114809924,0.9414640847428759,0.9400443106296992,7.796517775252461,7.943999943381203,7.673425436314167,7.913349134746717,33.77989990197807,35.48254059634142,32.72496099337972,35.21136536128452,35.48254059634142,-0.27117523505690144
jzazbz,jzczhz,xyz,10,0.7827571025401042,0.9100334886716965,0.823468652129832,0.828598392422393,7.943999943381203,7.6139420129962785,6.646894189985868,7.975423757423106,35.48254059634142,32.057920716895914,26.761019442700896,35.19629428257757,35.48254059634142,-0.28624631376385423
oklab,rgb,ycbcr_bt709,10,0.9144438405266415,0.938205366135797,0.9560140624102825,0.934327573864489,7.828507696346305,7.673425436314167,7.830464716896323,7.884320052977259,35.39255811487449,32.72496099337972,34.730908314849835,35.19182971179659,35.39255811487449,-0.2007284030778962
c02,ictcp_pq,jzazbz,10,0.8610228945931805,0.8826958123373826,0.9280247114809924,0.9107417779428364,7.796517775252461,7.286426627201346,7.943999943381203,7.8388269136329285,33.77989990197807,32.70964465056424,35.48254059634142,35.191749796157154,35.48254059634142,-0.2907908001842685
c16,oklab,ycbcr_bt709,10,0.9124854266023791,0.9387300436517169,0.9301968070229979,0.9560140624102825,7.832689776667282,7.828507696346305,7.830464716896323,7.918639682244707,33.256139919264164,35.39255811487449,34.730908314849835,35.12926668517736,35.39255811487449,-0.2632914296971265
jzczhz,oklab,srgb_linear,10,0.8354721323004786,0.8990338981361082,0.8640594007659332,0.9067578798705721,7.6139420129962785,7.828507696346305,7.496828610605661,8.047115348111427,32.057920716895914,35.39255811487449,31.15979519695565,35.1047213390207,35.39255811487449,-0.2878367758537905
ictcp_pq,srgb_linear,ycbcr_bt709,10,0.8295856353712129,0.8498279690270133,0.8760256573171065,0.9320252787296435,7.286426627201346,7.496828610605661,7.830464716896323,7.825929896875832,32.70964465056424,31.15979519695565,34.730908314849835,35.089141743792,34.730908314849835,0.3582334289421638
oklab,oklch,srgb_linear,10,0.8244732686054477,0.8821503410495527,0.9067578798705721,0.8592273158915689,7.828507696346305,7.8159916984152575,7.496828610605661,8.053587671415276,35.39255811487449,32.661160784563286,31.15979519695565,35.076898534332464,35.39255811487449,-0.31565958054202525
jzazbz,oklch,ycbcr_bt709,10,0.8642325884613967,0.8927790572384648,0.9399997939030333,0.8955676128072436,7.943999943381203,7.8159916984152575,7.830464716896323,7.98564786320042,35.48254059634142,32.661160784563286,34.730908314849835,35.06736184687785,35.48254059634142,-0.41517874946357125
hsv_conic,xyz,ycbcr_bt709,10,0.8149151797104084,0.8225911876234253,0.9538996441626763,0.8530732601696454,7.91775324491911,6.646894189985868,7.830464716896323,7.9120317271662115,34.595471137060706,26.761019442700896,34.730908314849835,35.06541870248675,34.730908314849835,0.334510387636918
cielab,jzczhz,oklab,10,0.8753109031325188,0.8983047276893142,0.9508551373258427,0.8990338981361082,7.573457329032071,7.6139420129962785,7.828507696346305,7.862447806508395,32.833098980563705,32.057920716895914,35.39255811487449,35.06347261664213,35.39255811487449,-0.32908549823235944
cielab,oklab,ycbcr_bt709,10,0.9238200596653435,0.9508551373258427,0.9404343766803901,0.9560140624102825,7.573457329032071,7.828507696346305,7.830464716896323,7.82876464655251,32.833098980563705,35.39255811487449,34.730908314849835,35.03446811283824,35.39255811487449,-0.3580900020362492
ictcp_pq,oklch,ycbcr_bt709,10,0.8067969491961344,0.8397021995254036,0.8760256573171065,0.8955676128072436,7.286426627201346,7.8159916984152575,7.830464716896323,8.007835932634208,32.70964465056424,32.661160784563286,34.730908314849835,35.02425684710061,34.730908314849835,0.29334853225077495
c16,jzazbz,oklab,10,0.9205761998096025,0.945304482431502,0.9387300436517169,0.9571108843144291,7.832689776667282,7.943999943381203,7.828507696346305,7.904600691828011,33.256139919264164,35.48254059634142,35.39255811487449,35.02057964742859,35.48254059634142,-0.46196094891283224
c02,hsv_conic,oklch,10,0.8779823382846882,0.9477453032263033,0.9036829775766595,0.904363940676593,7.796517775252461,7.91775324491911,7.8159916984152575,8.089718476878245,33.77989990197807,34.595471137060706,32.661160784563286,34.98622285347328,34.595471137060706,0.39075171641257356
c02,jzczhz,oklab,10,0.8800718588010739,0.9190589965860401,0.940216882760239,0.8990338981361082,7.796517775252461,7.6139420129962785,7.828507696346305,8.015292543394565,33.77989990197807,32.057920716895914,35.39255811487449,34.98136401310014,35.39255811487449,-0.411194101774349
ictcp_pq,oklch,rgb,10,0.8027291930079501,0.8397021995254036,0.8717592922676731,0.891710992426416,7.286426627201346,7.8159916984152575,7.673425436314167,7.946959724029654,32.70964465056424,32.661160784563286,32.72496099337972,34.97739608472886,32.72496099337972,2.2524350913491418
jzazbz,jzczhz,ycbcr_bt709,10,0.8751443806974922,0.9100334886716965,0.9399997939030333,0.8981062955867218,7.943999943381203,7.6139420129962785,7.830464716896323,7.970181822001445,35.48254059634142,32.057920716895914,34.730908314849835,34.97653258213329,35.48254059634142,-0.5060080142081347
c02,hsv_conic,jzczhz,10,0.8926753242452878,0.9477453032263033,0.9190589965860401,0.9179826041672545,7.796517775252461,7.91775324491911,7.6139420129962785,8.058962319882388,33.77989990197807,34.595471137060706,32.057920716895914,34.930988641162905,34.595471137060706,0.3355175041021994
c02,c16,hsv_conic,10,0.9318359024912782,0.9639084923484731,0.9477453032263033,0.9519898656952049,7.796517775252461,7.832689776667282,7.91775324491911,8.087685578522509,33.77989990197807,33.256139919264164,34.595471137060706,34.92171217912352,34.595471137060706,0.32624104206281146
c02,ictcp_pq,oklab,10,0.8596707230459797,0.8826958123373826,0.940216882760239,0.8949742503955356,7.796517775252461,7.286426627201346,7.828507696346305,7.782832132400695,33.77989990197807,32.70964465056424,35.39255811487449,34.89864801993369,35.39255811487449,-0.4939100949408015
oklab,rgb,srgb_linear,10,0.8695568985925523,0.938205366135797,0.9067578798705721,0.8920791404002923,7.828507696346305,7.673425436314167,7.496828610605661,7.891759363110436,35.39255811487449,32.72496099337972,31.15979519695565,34.892694182001996,35.39255811487449,-0.4998639328724934
jzazbz,oklch,rgb,10,0.8627278372331183,0.8927790572384648,0.9400443106296992,0.891710992426416,7.943999943381203,7.8159916984152575,7.673425436314167,7.898094082131925,35.48254059634142,32.661160784563286,32.72496099337972,34.88021199391309,35.48254059634142,-0.6023286024283294
oklab,oklch,xyz,10,0.7490701301738725,0.8821503410495527,0.8313000965821944,0.7840476845922458,7.828507696346305,7.8159916984152575,6.646894189985868,8.00246758438133,35.39255811487449,32.661160784563286,26.761019442700896,34.86640624348597,35.39255811487449,-0.5261518713885209
hsv_conic,srgb_linear,ycbcr_bt709,10,0.8901978377764938,0.8939211207245401,0.9538996441626763,0.9320252787296435,7.91775324491911,7.496828610605661,7.830464716896323,7.8612909018636445,34.595471137060706,31.15979519695565,34.730908314849835,34.86118423259467,34.730908314849835,0.13027591774483227
c02,ictcp_pq,ycbcr_bt709,10,0.8426153401282719,0.8826958123373826,0.9247020904423741,0.8760256573171065,7.796517775252461,7.286426627201346,7.830464716896323,7.833248046252995,33.77989990197807,32.70964465056424,34.730908314849835,34.848430312762815,34.730908314849835,0.11752199791298068
hsv_conic,jzczhz,oklab,10,0.8850583895255653,0.9179826041672545,0.9508756460092446,0.8990338981361082,7.91775324491911,7.6139420129962785,7.828507696346305,7.903352492843998,34.595471137060706,32.057920716895914,35.39255811487449,34.840443905124005,35.39255811487449,-0.552114209750485
c02,jzczhz,rgb,10,0.8834632790836542,0.9190589965860401,0.9414640847428759,0.9048917610699293,7.796517775252461,7.6139420129962785,7.673425436314167,8.015178571419272,33.77989990197807,32.057920716895914,32.72496099337972,34.830319941780395,33.77989990197807,1.0504200398023258
c02,oklch,rgb,10,0.8688295016244728,0.9036829775766595,0.9414640847428759,0.891710992426416,7.796517775252461,7.8159916984152575,7.673425436314167,8.029839972372548,33.77989990197807,32.661160784563286,32.72496099337972,34.818510408346135,33.77989990197807,1.038610506368066
c02,cielab,ictcp_pq,10,0.8505597910259267,0.9371273093720178,0.8826958123373826,0.8799639094442494,7.796517775252461,7.573457329032071,7.286426627201346,7.737457665539251,33.77989990197807,32.833098980563705,32.70964465056424,34.816219419974296,33.77989990197807,1.0363195179962261
c16,jzazbz,ycbcr_bt709,10,0.9077608570480281,0.945304482431502,0.9301968070229979,0.9399997939030333,7.832689776667282,7.943999943381203,7.830464716896323,7.92799006986404,33.256139919264164,35.48254059634142,34.730908314849835,34.806273547441116,35.48254059634142,-0.6762670489003071
jzazbz,jzczhz,rgb,10,0.8781555330798738,0.9100334886716965,0.9400443106296992,0.9048917610699293,7.943999943381203,7.6139420129962785,7.673425436314167,7.886701241133139,35.48254059634142,32.057920716895914,32.72496099337972,34.80211326112099,35.48254059634142,-0.6804273352204362
c16,oklab,xyz,10,0.7947304720406079,0.9387300436517169,0.819191675703592,0.8313000965821944,7.832689776667282,7.828507696346305,6.646894189985868,7.9710872453640835,33.256139919264164,35.39255811487449,26.761019442700896,34.797673994994035,35.39255811487449,-0.5948841198804544
c16,srgb_linear,ycbcr_bt709,10,0.8773400769157849,0.8915819483184491,0.9301968070229979,0.9320252787296435,7.832689776667282,7.496828610605661,7.830464716896323,7.98481221187123,33.256139919264164,31.15979519695565,34.730908314849835,34.783620704746696,34.730908314849835,0.05271238989686111
cielab,oklab,oklch,10,0.8578077999678857,0.9508551373258427,0.8818726509016935,0.8821503410495527,7.573457329032071,7.828507696346305,7.8159916984152575,7.836629098513329,32.833098980563705,35.39255811487449,32.661160784563286,34.77044603677549,35.39255811487449,-0.6221120780990006
jzczhz,srgb_linear,ycbcr_bt709,10,0.847510546223784,0.8640594007659332,0.8981062955867218,0.9320252787296435,7.6139420129962785,7.496828610605661,7.830464716896323,7.948444521374464,32.057920716895914,31.15979519695565,34.730908314849835,34.75031874856002,34.730908314849835,0.019410433710184805
c02,cielab,jzczhz,10,0.8777678090392549,0.9371273093720178,0.9190589965860401,0.8983047276893142,7.796517775252461,7.573457329032071,7.6139420129962785,7.9933823491189155,33.77989990197807,32.833098980563705,32.057920716895914,34.74948924510387,33.77989990197807,0.9695893431257971
c02,hsv_conic,srgb_linear,10,0.8627988273778721,0.9477453032263033,0.8833168196272556,0.8939211207245401,7.796517775252461,7.91775324491911,7.496828610605661,8.036218594310489,33.77989990197807,34.595471137060706,31.15979519695565,34.74599658683217,34.595471137060706,0.15052544977146454
cielab,oklab,srgb_linear,10,0.8789620100455325,0.9508551373258427,0.898138993313812,0.9067578798705721,7.573457329032071,7.828507696346305,7.496828610605661,7.844965006180592,32.833098980563705,35.39255811487449,31.15979519695565,34.74521126022943,35.39255811487449,-0.6473468546450576
cielab,hsv_conic,ycbcr_bt709,10,0.9274446134322192,0.9604017465403342,0.9404343766803901,0.9538996441626763,7.573457329032071,7.91775324491911,7.830464716896323,7.882825019391942,32.833098980563705,34.595471137060706,34.730908314849835,34.7402022986744,34.730908314849835,0.009293983824562702
c02,cielab,oklch,10,0.8615409795040276,0.9371273093720178,0.9036829775766595,0.8818726509016935,7.796517775252461,7.573457329032071,7.8159916984152575,8.003291360691547,33.77989990197807,32.833098980563705,32.661160784563286,34.738936137227334,33.77989990197807,0.9590362352492647
c02,jzczhz,ycbcr_bt709,10,0.872022314062059,0.9190589965860401,0.9247020904423741,0.8981062955867218,7.796517775252461,7.6139420129962785,7.830464716896323,8.037927124785902,33.77989990197807,32.057920716895914,34.730908314849835,34.706725552380185,34.730908314849835,-0.024182762469649788
hsv_conic,jzczhz,rgb,10,0.8973007060111484,0.9179826041672545,0.9708135489807216,0.9048917610699293,7.91775324491911,7.6139420129962785,7.673425436314167,7.921299672993877,34.595471137060706,32.057920716895914,32.72496099337972,34.69916911168702,34.595471137060706,0.10369797462631425
c02,oklch,ycbcr_bt709,10,0.8622167595748154,0.9036829775766595,0.9247020904423741,0.8955676128072436,7.796517775252461,7.8159916984152575,7.830464716896323,8.055100743760207,33.77989990197807,32.661160784563286,34.730908314849835,34.6722933901651,34.730908314849835,-0.05861492468473273
ictcp_pq,jzczhz,srgb_linear,10,0.8027136888263058,0.8893382370013814,0.8498279690270133,0.8640594007659332,7.286426627201346,7.6139420129962785,7.496828610605661,7.855566881972623,32.70964465056424,32.057920716895914,31.15979519695565,34.66767687032021,32.70964465056424,1.9580322197559639
oklab,rgb,xyz,10,0.7996741576732064,0.938205366135797,0.8313000965821944,0.828285238257164,7.828507696346305,7.673425436314167,6.646894189985868,7.8581182507706,35.39255811487449,32.72496099337972,26.761019442700896,34.66651150458963,35.39255811487449,-0.7260466102848611
c02,xyz,ycbcr_bt709,10,0.7991608082670627,0.8197369389759978,0.9247020904423741,0.8530732601696454,7.796517775252461,6.646894189985868,7.830464716896323,7.897817547089664,33.77989990197807,26.761019442700896,34.730908314849835,34.65501585581398,34.730908314849835,-0.07589245903585606
ictcp_pq,jzazbz,jzczhz,10,0.8554662863388952,0.9107417779428364,0.8893382370013814,0.9100334886716965,7.286426627201346,7.943999943381203,7.6139420129962785,7.745065698897079,32.70964465056424,35.48254059634142,32.057920716895914,34.65199847802041,35.48254059634142,-0.8305421183210129
c02,oklab,oklch,10,0.8632410719507104,0.940216882760239,0.9036829775766595,0.8821503410495527,7.796517775252461,7.828507696346305,7.8159916984152575,7.9829594401190365,33.77989990197807,35.39255811487449,32.661160784563286,34.644026478770954,35.39255811487449,-0.7485316361035359
hsv_conic,oklch,rgb,10,0.8840126442354782,0.904363940676593,0.9708135489807216,0.891710992426416,7.91775324491911,7.8159916984152575,7.673425436314167,7.9176344772317435,34.595471137060706,32.661160784563286,32.72496099337972,34.63108603030645,34.595471137060706,0.03561489324574296
hsv_conic,oklab,oklch,10,0.8688944680593119,0.9508756460092446,0.904363940676593,0.8821503410495527,7.91775324491911,7.828507696346305,7.8159916984152575,7.889528959282076,34.595471137060706,35.39255811487449,32.661160784563286,34.58856621150786,35.39255811487449,-0.8039919033666294
c16,ictcp_pq,oklab,10,0.8560082377916437,0.8767441144701673,0.9387300436517169,0.8949742503955356,7.832689776667282,7.286426627201346,7.828507696346305,7.815982773647616,33.256139919264164,32.70964465056424,35.39255811487449,34.584426598551616,35.39255811487449,-0.8081315163228737
c02,cielab,ycbcr_bt709,10,0.9015069501236385,0.9371273093720178,0.9247020904423741,0.9404343766803901,7.796517775252461,7.573457329032071,7.830464716896323,7.844867010002726,33.77989990197807,32.833098980563705,34.730908314849835,34.58036224110049,34.730908314849835,-0.15054607374934648
cielab,jzczhz,ycbcr_bt709,10,0.86949492672472,0.8983047276893142,0.9404343766803901,0.8981062955867218,7.573457329032071,7.6139420129962785,7.830464716896323,7.89430139213019,32.833098980563705,32.057920716895914,34.730908314849835,34.57547522414761,34.730908314849835,-0.15543309070222477
cielab,hsv_conic,oklab,10,0.9311705507660542,0.9604017465403342,0.9508551373258427,0.9508756460092446,7.573457329032071,7.91775324491911,7.828507696346305,7.793580984599281,32.833098980563705,34.595471137060706,35.39255811487449,34.56976501459928,35.39255811487449,-0.8227931002752129
oklch,srgb_linear,ycbcr_bt709,10,0.8439439424367828,0.8592273158915689,0.8955676128072436,0.9320252787296435,7.8159916984152575,7.496828610605661,7.830464716896323,7.93503953925026,32.661160784563286,31.15979519695565,34.730908314849835,34.55734003691977,34.730908314849835,-0.17356827793006602
c02,c16,ycbcr_bt709,10,0.9094171679608148,0.9639084923484731,0.9247020904423741,0.9301968070229979,7.796517775252461,7.832689776667282,7.830464716896323,8.036948519773434,33.77989990197807,33.256139919264164,34.730908314849835,34.555905235614524,34.730908314849835,-0.1750030792353101
cielab,oklch,ycbcr_bt709,10,0.8594357321707117,0.8818726509016935,0.9404343766803901,0.8955676128072436,7.573457329032071,7.8159916984152575,7.830464716896323,7.91064155663634,32.833098980563705,32.661160784563286,34.730908314849835,34.5458756126508,34.730908314849835,-0.185032702199031
c16,cielab,jzazbz,10,0.9174878624968145,0.9413819745312187,0.945304482431502,0.947718662042884,7.832689776667282,7.573457329032071,7.943999943381203,7.808786854179678,33.256139919264164,32.833098980563705,35.48254059634142,34.52569802417641,35.48254059634142,-0.9568425721650158
c02,ictcp_pq,rgb,10,0.8489349551530079,0.8826958123373826,0.9414640847428759,0.8717592922676731,7.796517775252461,7.286426627201346,7.673425436314167,7.7368337519151735,33.77989990197807,32.70964465056424,32.72496099337972,34.51970581528631,33.77989990197807,0.7398059133082384
c02,hsv_conic,rgb,10,0.9304931331456092,0.9477453032263033,0.9414640847428759,0.9708135489807216,7.796517775252461,7.91775324491911,7.673425436314167,7.870106373632059,33.77989990197807,34.595471137060706,32.72496099337972,34.517467466315516,34.595471137060706,-0.07800367074518988
jzazbz,rgb,srgb_linear,10,0.8674621292671347,0.9400443106296992,0.9016544266659547,0.8920791404002923,7.943999943381203,7.673425436314167,7.496828610605661,7.894884112948927,35.48254059634142,32.72496099337972,31.15979519695565,34.50266789448542,35.48254059634142,-0.979872701856003
c02,c16,oklab,10,0.9214289069850048,0.9639084923484731,0.940216882760239,0.9387300436517169,7.796517775252461,7.832689776667282,7.828507696346305,7.985977867571802,33.77989990197807,33.256139919264164,35.39255811487449,34.49795776226991,35.39255811487449,-0.8946003526045772
c16,cielab,ictcp_pq,10,0.8496040770671289,0.9413819745312187,0.8767441144701673,0.8799639094442494,7.832689776667282,7.573457329032071,7.286426627201346,7.80223204953654,33.256139919264164,32.833098980563705,32.70964465056424,34.49029908343216,33.256139919264164,1.2341591641679983
c16,ictcp_pq,ycbcr_bt709,10,0.8424350251336788,0.8767441144701673,0.9301968070229979,0.8760256573171065,7.832689776667282,7.286426627201346,7.830464716896323,7.864055691376613,33.256139919264164,32.70964465056424,34.730908314849835,34.48653498680856,34.730908314849835,-0.2443733280412772
jzczhz,oklab,rgb,10,0.8721847925112367,0.8990338981361082,0.9048917610699293,0.938205366135797,7.6139420129962785,7.828507696346305,7.673425436314167,7.829786423379813,32.057920716895914,35.39255811487449,32.72496099337972,34.471643502411666,35.39255811487449,-0.9209146124628234
hsv_conic,rgb,ycbcr_bt709,10,0.9297926876955602,0.9708135489807216,0.9538996441626763,0.934327573864489,7.91775324491911,7.673425436314167,7.830464716896323,7.890766387108108,34.595471137060706,32.72496099337972,34.730908314849835,34.46275294768865,34.730908314849835,-0.26815536716118515
ictcp_pq,oklch,xyz,10,0.7293319550245168,0.8397021995254036,0.8313615532766935,0.7840476845922458,7.286426627201346,7.8159916984152575,6.646894189985868,7.8119514249916495,32.70964465056424,32.661160784563286,26.761019442700896,34.45233460819662,32.70964465056424,1.742689957632379
hsv_conic,oklab,rgb,10,0.9302487408423229,0.9508756460092446,0.9708135489807216,0.938205366135797,7.91775324491911,7.828507696346305,7.673425436314167,7.849447545551932,34.595471137060706,35.39255811487449,32.72496099337972,34.4346943220723,35.39255811487449,-0.9578637928021863
c02,jzazbz,oklch,10,0.8624856637668208,0.9280247114809924,0.9036829775766595,0.8927790572384648,7.796517775252461,7.943999943381203,7.8159916984152575,7.978810523840032,33.77989990197807,35.48254059634142,32.661160784563286,34.39664304444469,35.48254059634142,-1.0858975518967355
c02,jzazbz,jzczhz,10,0.8789469624412207,0.9280247114809924,0.9190589965860401,0.9100334886716965,7.796517775252461,7.943999943381203,7.6139420129962785,7.973929990135922,33.77989990197807,35.48254059634142,32.057920716895914,34.37583674422819,35.48254059634142,-1.1067038521132346
c02,hsv_conic,ycbcr_bt709,10,0.9131813033468147,0.9477453032263033,0.9247020904423741,0.9538996441626763,7.796517775252461,7.91775324491911,7.830464716896323,7.866992465230349,33.77989990197807,34.595471137060706,34.730908314849835,34.36909745009022,34.730908314849835,-0.36181086475961166
c02,cielab,oklab,10,0.9143108152280517,0.9371273093720178,0.940216882760239,0.9508551373258427,7.796517775252461,7.573457329032071,7.828507696346305,7.718433589222919,33.77989990197807,32.833098980563705,35.39255811487449,34.36393109958403,35.39255811487449,-1.0286270152904606
c02,c16,cielab,10,0.9213818605809447,0.9639084923484731,0.9371273093720178,0.9413819745312187,7.796517775252461,7.832689776667282,7.573457329032071,7.953352312679705,33.77989990197807,33.256139919264164,32.833098980563705,34.35411774643895,33.77989990197807,0.5742178444608825
jzazbz,rgb,xyz,10,0.79653009611713,0.9400443106296992,0.823468652129832,0.828285238257164,7.943999943381203,7.673425436314167,6.646894189985868,7.882996191297531,35.48254059634142,32.72496099337972,26.761019442700896,34.35031524409599,35.48254059634142,-1.1322253522454346
c02,hsv_conic,xyz,10,0.7953713999428034,0.9477453032263033,0.8197369389759978,0.8225911876234253,7.796517775252461,7.91775324491911,6.646894189985868,7.947315052311403,33.77989990197807,34.595471137060706,26.761019442700896,34.34982653763043,34.595471137060706,-0.24564459943027828
cielab,hsv_conic,jzczhz,10,0.8885494262243995,0.9604017465403342,0.8983047276893142,0.9179826041672545,7.573457329032071,7.91775324491911,7.6139420129962785,7.834702143857086,32.833098980563705,34.595471137060706,32.057920716895914,34.343721337099794,34.595471137060706,-0.25174979996091196
c16,xyz,ycbcr_bt709,10,0.8015072546816506,0.819191675703592,0.9301968070229979,0.8530732601696454,7.832689776667282,6.646894189985868,7.830464716896323,7.89831543104245,33.256139919264164,26.761019442700896,34.730908314849835,34.3206524243763,34.730908314849835,-0.41025589047353606
c02,c16,rgb,10,0.9282217628857037,0.9639084923484731,0.9414640847428759,0.9507474213347489,7.796517775252461,7.832689776667282,7.673425436314167,7.9697985816866375,33.77989990197807,33.256139919264164,32.72496099337972,34.3112065400313,33.77989990197807,0.5313066380532305
cielab,hsv_conic,oklch,10,0.8735928632708874,0.9604017465403342,0.8818726509016935,0.904363940676593,7.573457329032071,7.91775324491911,7.8159916984152575,7.843145269871544,32.833098980563705,34.595471137060706,32.661160784563286,34.302317127651484,34.595471137060706,-0.2931540094092213
oklch,xyz,ycbcr_bt709,10,0.7667894947526314,0.7840476845922458,0.8955676128072436,0.8530732601696454,7.8159916984152575,6.646894189985868,7.830464716896323,7.885151266894122,32.661160784563286,26.761019442700896,34.730908314849835,34.28764618377255,34.730908314849835,-0.4432621310772831
c02,cielab,srgb_linear,10,0.8601973623541476,0.9371273093720178,0.8833168196272556,0.898138993313812,7.796517775252461,7.573457329032071,7.496828610605661,7.983773622705405,33.77989990197807,32.833098980563705,31.15979519695565,34.28547051633804,33.77989990197807,0.5055706143599679
c02,hsv_conic,jzazbz,10,0.9124499292930093,0.9477453032263033,0.9280247114809924,0.9490967037589624,7.796517775252461,7.91775324491911,7.943999943381203,7.81850444309278,33.77989990197807,34.595471137060706,35.48254059634142,34.27621651072521,35.48254059634142,-1.2063240856162096
oklab,oklch,rgb,10,0.856212999306881,0.8821503410495527,0.938205366135797,0.891710992426416,7.828507696346305,7.8159916984152575,7.673425436314167,7.809231464208857,35.39255811487449,32.661160784563286,32.72496099337972,34.27378972039723,35.39255811487449,-1.1187683944772573
c16,jzazbz,rgb,10,0.9184288864394918,0.945304482431502,0.9507474213347489,0.9400443106296992,7.832689776667282,7.943999943381203,7.673425436314167,7.804953258911647,33.256139919264164,35.48254059634142,32.72496099337972,34.271153881416176,35.48254059634142,-1.211386714925247
hsv_conic,jzczhz,ycbcr_bt709,10,0.8858156651718992,0.9179826041672545,0.9538996441626763,0.8981062955867218,7.91775324491911,7.6139420129962785,7.830464716896323,7.86445358783339,34.595471137060706,32.057920716895914,34.730908314849835,34.25469190713085,34.730908314849835,-0.47621640771898655
c02,ictcp_pq,xyz,10,0.7683866772451368,0.8826958123373826,0.8197369389759978,0.8313615532766935,7.796517775252461,7.286426627201346,6.646894189985868,7.721046485511091,33.77989990197807,32.70964465056424,26.761019442700896,34.25460220740313,33.77989990197807,0.47470230542506187
c16,hsv_conic,oklab,10,0.9208133465403587,0.9519898656952049,0.9387300436517169,0.9508756460092446,7.832689776667282,7.91775324491911,7.828507696346305,7.811081504429593,33.256139919264164,34.595471137060706,35.39255811487449,34.23520239356244,35.39255811487449,-1.157355721312051
c16,hsv_conic,oklch,10,0.8876544202024524,0.9519898656952049,0.9184662707596537,0.904363940676593,7.832689776667282,7.91775324491911,7.8159916984152575,7.998898654377294,33.256139919264164,34.595471137060706,32.661160784563286,34.22324997516791,34.595471137060706,-0.37222116189279575
hsv_conic,oklch,ycbcr_bt709,10,0.8770769760687654,0.904363940676593,0.9538996441626763,0.8955676128072436,7.91775324491911,7.8159916984152575,7.830464716896323,7.87177433393595,34.595471137060706,32.661160784563286,34.730908314849835,34.21092092247061,34.730908314849835,-0.5199873923792211
cielab,jzazbz,srgb_linear,10,0.8742147292348783,0.947718662042884,0.898138993313812,0.9016544266659547,7.573457329032071,7.943999943381203,7.496828610605661,7.856470035604258,32.833098980563705,35.48254059634142,31.15979519695565,34.201896214498404,35.48254059634142,-1.2806443818430182
c02,c16,jzazbz,10,0.9186216734698052,0.9639084923484731,0.9280247114809924,0.945304482431502,7.796517775252461,7.832689776667282,7.943999943381203,7.998092038992688,33.77989990197807,33.256139919264164,35.48254059634142,34.19987731817716,35.48254059634142,-1.2826632781642644
c16,jzczhz,oklab,10,0.8860439616817908,0.9327782011366346,0.9387300436517169,0.8990338981361082,7.832689776667282,7.6139420129962785,7.828507696346305,7.953243144294942,33.256139919264164,32.057920716895914,35.39255811487449,34.18627267730534,35.39255811487449,-1.20628543756915
c02,c16,oklch,10,0.8931987010809161,0.9639084923484731,0.9036829775766595,0.9184662707596537,7.796517775252461,7.832689776667282,7.8159916984152575,7.990686495033692,33.77989990197807,33.256139919264164,32.661160784563286,34.167722127395464,33.77989990197807,0.38782222541739486
cielab,oklab,xyz,10,0.8060340635115784,0.9508551373258427,0.8283594703606287,0.8313000965821944,7.573457329032071,7.828507696346305,6.646894189985868,7.739932525424223,32.833098980563705,35.39255811487449,26.761019442700896,34.16411444927858,35.39255811487449,-1.2284436655959112
c02,hsv_conic,oklab,10,0.9194198142014864,0.9477453032263033,0.940216882760239,0.9508756460092446,7.796517775252461,7.91775324491911,7.828507696346305,7.766531386136282,33.77989990197807,34.595471137060706,35.39255811487449,34.16005419428532,35.39255811487449,-1.232503920589167
ictcp_pq,jzczhz,xyz,10,0.7757220669989366,0.8893382370013814,0.8313615532766935,0.828598392422393,7.286426627201346,7.6139420129962785,6.646894189985868,7.73251495058673,32.70964465056424,32.057920716895914,26.761019442700896,34.14516326810582,32.70964465056424,1.4355186175415753
c02,jzczhz,srgb_linear,10,0.8344800460145645,0.9190589965860401,0.8833168196272556,0.8640594007659332,7.796517775252461,7.6139420129962785,7.496828610605661,7.978749689373801,33.77989990197807,32.057920716895914,31.15979519695565,34.14301088502501,33.77989990197807,0.363110983046937
jzczhz,rgb,ycbcr_bt709,10,0.8696584607695522,0.9048917610699293,0.8981062955867218,0.934327573864489,7.6139420129962785,7.673425436314167,7.830464716896323,7.851378348815921,32.057920716895914,32.72496099337972,34.730908314849835,34.134870425796734,34.730908314849835,-0.5960378890531004
hsv_conic,jzczhz,srgb_linear,10,0.8389900650244726,0.9179826041672545,0.8939211207245401,0.8640594007659332,7.91775324491911,7.6139420129962785,7.496828610605661,7.9453401500913206,34.595471137060706,32.057920716895914,31.15979519695565,34.134096755329956,34.595471137060706,-0.4613743817307494
c16,hsv_conic,ycbcr_bt709,10,0.9180533380811582,0.9519898656952049,0.9301968070229979,0.9538996441626763,7.832689776667282,7.91775324491911,7.830464716896323,7.8471892097378415,33.256139919264164,34.595471137060706,34.730908314849835,34.13398141806118,34.730908314849835,-0.5969268967886521
c16,oklab,oklch,10,0.869737366852218,0.9387300436517169,0.9184662707596537,0.8821503410495527,7.832689776667282,7.828507696346305,7.8159916984152575,7.950256519665523,33.256139919264164,35.39255811487449,32.661160784563286,34.1215121185555,35.39255811487449,-1.271045996318989
c16,oklch,ycbcr_bt709,10,0.8722091281292791,0.9184662707596537,0.9301968070229979,0.8955676128072436,7.832689776667282,7.8159916984152575,7.830464716896323,7.990948938443535,33.256139919264164,32.661160784563286,34.730908314849835,34.11252206428759,34.730908314849835,-0.6183862505622457
c16,jzczhz,srgb_linear,10,0.8453353272063169,0.9327782011366346,0.8915819483184491,0.8640594007659332,7.832689776667282,7.6139420129962785,7.496828610605661,8.007596334376672,33.256139919264164,32.057920716895914,31.15979519695565,34.10497123027705,33.256139919264164,0.8488313110128871
c16,hsv_conic,rgb,10,0.9371285908596292,0.9519898656952049,0.9507474213347489,0.9708135489807216,7.832689776667282,7.91775324491911,7.673425436314167,7.822079609742643,33.256139919264164,34.595471137060706,32.72496099337972,34.099946769172455,34.595471137060706,-0.49552436788825105
c16,hsv_conic,jzczhz,10,0.9019276069566328,0.9519898656952049,0.9327782011366346,0.9179826041672545,7.832689776667282,7.91775324491911,7.6139420129962785,7.974423162779227,33.256139919264164,34.595471137060706,32.057920716895914,34.08713273451906,34.595471137060706,-0.5083384025416464
c02,rgb,ycbcr_bt709,10,0.90064605216958,0.9414640847428759,0.9247020904423741,0.934327573864489,7.796517775252461,7.673425436314167,7.830464716896323,7.790676519579241,33.77989990197807,32.72496099337972,34.730908314849835,34.077018377865926,34.730908314849835,-0.6538899369839086
oklch,rgb,ycbcr_bt709,10,0.8611342344592542,0.891710992426416,0.8955676128072436,0.934327573864489,7.8159916984152575,7.673425436314167,7.830464716896323,7.853488725298814,32.661160784563286,32.72496099337972,34.730908314849835,34.074715612288934,34.730908314849835,-0.6561927025609009
c02,cielab,hsv_conic,10,0.9229478534216231,0.9371273093720178,0.9477453032263033,0.9604017465403342,7.796517775252461,7.573457329032071,7.91775324491911,7.755606495020423,33.77989990197807,32.833098980563705,34.595471137060706,34.070388289058926,34.595471137060706,-0.5250828480017802
c16,cielab,ycbcr_bt709,10,0.9062368034686008,0.9413819745312187,0.9301968070229979,0.9404343766803901,7.832689776667282,7.573457329032071,7.830464716896323,7.816585512898419,33.256139919264164,32.833098980563705,34.730908314849835,34.069722201432754,34.730908314849835,-0.6611861134170809
hsv_conic,ictcp_pq,xyz,10,0.7698128175195481,0.8833828997277997,0.8225911876234253,0.8313615532766935,7.91775324491911,7.286426627201346,6.646894189985868,7.611525907974416,34.595471137060706,32.70964465056424,26.761019442700896,34.05723223100043,34.595471137060706,-0.538238906060279
c16,jzczhz,ycbcr_bt709,10,0.8815924882005225,0.9327782011366346,0.9301968070229979,0.8981062955867218,7.832689776667282,7.6139420129962785,7.830464716896323,7.975432501725796,33.256139919264164,32.057920716895914,34.730908314849835,34.05383316406548,34.730908314849835,-0.6770751507843542
c16,ictcp_pq,rgb,10,0.8505047856929812,0.8767441144701673,0.9507474213347489,0.8717592922676731,7.832689776667282,7.286426627201346,7.673425436314167,7.762283976208427,33.256139919264164,32.70964465056424,32.72496099337972,34.0504069853517,33.256139919264164,0.7942670660875351
c02,c16,jzczhz,10,0.908157316093458,0.9639084923484731,0.9190589965860401,0.9327782011366346,7.796517775252461,7.832689776667282,7.6139420129962785,7.97118800443499,33.77989990197807,33.256139919264164,32.057920716895914,34.046085406611965,33.77989990197807,0.2661855046338957
c16,hsv_conic,srgb_linear,10,0.8689304170696961,0.9519898656952049,0.8915819483184491,0.8939211207245401,7.832689776667282,7.91775324491911,7.496828610605661,7.964491117796551,33.256139919264164,34.595471137060706,31.15979519695565,34.037319828466146,34.595471137060706,-0.5581513085945602
c16,cielab,oklab,10,0.9155647673751476,0.9413819745312187,0.9387300436517169,0.9508551373258427,7.832689776667282,7.573457329032071,7.828507696346305,7.69886439991529,33.256139919264164,32.833098980563705,35.39255811487449,34.02718414237322,35.39255811487449,-1.365373972501267
hsv_conic,jzazbz,oklch,10,0.8733216193000839,0.9490967037589624,0.904363940676593,0.8927790572384648,7.91775324491911,7.943999943381203,7.8159916984152575,7.814958625945893,34.595471137060706,35.48254059634142,32.661160784563286,34.007958476585124,35.48254059634142,-1.474582119756299
c02,oklab,rgb,10,0.9101811652226495,0.940216882760239,0.9414640847428759,0.938205366135797,7.796517775252461,7.828507696346305,7.673425436314167,7.744971974205866,33.77989990197807,35.39255811487449,32.72496099337972,34.001581222637505,35.39255811487449,-1.390976892236985
hsv_conic,ictcp_pq,oklch,10,0.814228753897034,0.8833828997277997,0.904363940676593,0.8397021995254036,7.91775324491911,7.286426627201346,7.8159916984152575,7.847556534400949,34.595471137060706,32.70964465056424,32.661160784563286,33.990128987886884,34.595471137060706,-0.605342149173822
hsv_conic,jzazbz,jzczhz,10,0.8891202442071402,0.9490967037589624,0.9179826041672545,0.9100334886716965,7.91775324491911,7.943999943381203,7.6139420129962785,7.817449891177344,34.595471137060706,35.48254059634142,32.057920716895914,33.97208256149013,35.48254059634142,-1.5104580348512897
ictcp_pq,oklab,xyz,10,0.7797147253767127,0.8949742503955356,0.8313615532766935,0.8313000965821944,7.286426627201346,7.828507696346305,6.646894189985868,7.502692132224217,32.70964465056424,35.39255811487449,26.761019442700896,33.96992330722451,35.39255811487449,-1.4226348076499775
c16,oklch,srgb_linear,10,0.8349336541115824,0.9184662707596537,0.8915819483184491,0.8592273158915689,7.832689776667282,7.8159916984152575,7.496828610605661,7.99721499645578,33.256139919264164,32.661160784563286,31.15979519695565,33.95414660502203,33.256139919264164,0.6980066857578677
hsv_conic,oklch,srgb_linear,10,0.8292163155924589,0.904363940676593,0.8939211207245401,0.8592273158915689,7.91775324491911,7.8159916984152575,7.496828610605661,7.9405295341261155,34.595471137060706,32.661160784563286,31.15979519695565,33.917102387015476,34.595471137060706,-0.6783687500452302
c16,jzazbz,jzczhz,10,0.894183503285585,0.945304482431502,0.9327782011366346,0.9100334886716965,7.832689776667282,7.943999943381203,7.6139420129962785,7.932390474338507,33.256139919264164,35.48254059634142,32.057920716895914,33.9044769610561,35.48254059634142,-1.578063635285325
ictcp_pq,jzczhz,oklab,10,0.8421930243034389,0.8893382370013814,0.8949742503955356,0.8990338981361082,7.286426627201346,7.6139420129962785,7.828507696346305,7.620073818310256,32.70964465056424,32.057920716895914,35.39255811487449,33.89741474288399,35.39255811487449,-1.4951433719905012
cielab,srgb_linear,ycbcr_bt709,10,0.8861725578948567,0.898138993313812,0.9404343766803901,0.9320252787296435,7.573457329032071,7.496828610605661,7.830464716896323,7.788875594885934,32.833098980563705,31.15979519695565,34.730908314849835,33.89422817776839,34.730908314849835,-0.8366801370814443
rgb,srgb_linear,ycbcr_bt709,10,0.880063219650905,0.8920791404002923,0.934327573864489,0.9320252787296435,7.673425436314167,7.496828610605661,7.830464716896323,7.791853856525174,32.72496099337972,31.15979519695565,34.730908314849835,33.89392090527652,34.730908314849835,-0.8369874095733181
c02,oklch,srgb_linear,10,0.8235608523561252,0.9036829775766595,0.8833168196272556,0.8592273158915689,7.796517775252461,7.8159916984152575,7.496828610605661,7.9676741923330185,33.77989990197807,32.661160784563286,31.15979519695565,33.890066911297026,33.77989990197807,0.11016700931895684
hsv_conic,oklch,xyz,10,0.7560222463662918,0.904363940676593,0.8225911876234253,0.7840476845922458,7.91775324491911,7.8159916984152575,6.646894189985868,7.939782659685875,34.595471137060706,32.661160784563286,26.761019442700896,33.86614980428776,34.595471137060706,-0.7293213327729475
c16,ictcp_pq,oklch,10,0.817896917527313,0.8767441144701673,0.9184662707596537,0.8397021995254036,7.832689776667282,7.286426627201346,7.8159916984152575,7.974056157034522,33.256139919264164,32.70964465056424,32.661160784563286,33.86559996981742,33.256139919264164,0.6094600505532526
c16,ictcp_pq,xyz,10,0.7650747180326116,0.8767441144701673,0.819191675703592,0.8313615532766935,7.832689776667282,7.286426627201346,6.646894189985868,7.664686072303601,33.256139919264164,32.70964465056424,26.761019442700896,33.84095086901243,33.256139919264164,0.5848109497482668
c16,hsv_conic,xyz,10,0.7970950990420494,0.9519898656952049,0.819191675703592,0.8225911876234253,7.832689776667282,7.91775324491911,6.646894189985868,7.935145458913064,33.256139919264164,34.595471137060706,26.761019442700896,33.83233688927554,34.595471137060706,-0.7631342477851675
cielab,jzazbz,xyz,10,0.8002674305900257,0.947718662042884,0.8283594703606287,0.823468652129832,7.573457329032071,7.943999943381203,6.646894189985868,7.786475075848739,32.833098980563705,35.48254059634142,26.761019442700896,33.831174622739645,35.48254059634142,-1.6513659736017772
cielab,hsv_conic,srgb_linear,10,0.8768972728043133,0.9604017465403342,0.898138993313812,0.8939211207245401,7.573457329032071,7.91775324491911,7.496828610605661,7.818264060308766,32.833098980563705,34.595471137060706,31.15979519695565,33.827001363005415,34.595471137060706,-0.7684697740552906
c02,c16,srgb_linear,10,0.8695351758556719,0.9639084923484731,0.8833168196272556,0.8915819483184491,7.796517775252461,7.832689776667282,7.496828610605661,7.929680312331816,33.77989990197807,33.256139919264164,31.15979519695565,33.82341338791702,33.77989990197807,0.0435134859389521
c16,cielab,hsv_conic,10,0.9270556333035387,0.9413819745312187,0.9519898656952049,0.9604017465403342,7.832689776667282,7.573457329032071,7.91775324491911,7.752961776773956,33.256139919264164,32.833098980563705,34.595471137060706,33.819140745679924,34.595471137060706,-0.7763303913807817
cielab,ictcp_pq,jzczhz,10,0.8345350809796482,0.8799639094442494,0.8983047276893142,0.8893382370013814,7.573457329032071,7.286426627201346,7.6139420129962785,7.638171553820632,32.833098980563705,32.70964465056424,32.057920716895914,33.75392362092257,32.833098980563705,0.920824640358866
ictcp_pq,rgb,srgb_linear,10,0.808113179290603,0.8717592922676731,0.8498279690270133,0.8920791404002923,7.286426627201346,7.673425436314167,7.496828610605661,7.746435447823266,32.70964465056424,32.72496099337972,31.15979519695565,33.744252425307614,32.72496099337972,1.019291431927897
c02,ictcp_pq,oklch,10,0.8133654248594435,0.8826958123373826,0.9036829775766595,0.8397021995254036,7.796517775252461,7.286426627201346,7.8159916984152575,7.871194054192239,33.77989990197807,32.70964465056424,32.661160784563286,33.73343669000622,33.77989990197807,-0.04646321197184733
jzczhz,oklab,xyz,10,0.7800343261052778,0.8990338981361082,0.828598392422393,0.8313000965821944,7.6139420129962785,7.828507696346305,6.646894189985868,7.7324576864552395,32.057920716895914,35.39255811487449,26.761019442700896,33.72287084218448,35.39255811487449,-1.6696872726900125
c16,oklab,rgb,10,0.9139349133655227,0.9387300436517169,0.9507474213347489,0.938205366135797,7.832689776667282,7.828507696346305,7.673425436314167,7.707330548379536,33.256139919264164,35.39255811487449,32.72496099337972,33.709206572519264,35.39255811487449,-1.6833515423552257
c16,jzazbz,oklch,10,0.878362302420399,0.945304482431502,0.9184662707596537,0.8927790572384648,7.832689776667282,7.943999943381203,7.8159916984152575,7.9062208098619635,33.256139919264164,35.48254059634142,32.661160784563286,33.701758552958474,35.48254059634142,-1.780782043382949
c16,cielab,oklch,10,0.8711559051821114,0.9413819745312187,0.9184662707596537,0.8818726509016935,7.832689776667282,7.573457329032071,7.8159916984152575,7.899984396242959,33.256139919264164,32.833098980563705,32.661160784563286,33.70170158397593,33.256139919264164,0.44556166471176795
c02,rgb,srgb_linear,10,0.8593571513273275,0.9414640847428759,0.8833168196272556,0.8920791404002923,7.796517775252461,7.673425436314167,7.496828610605661,7.915524983343042,33.77989990197807,32.72496099337972,31.15979519695565,33.69228266023738,33.77989990197807,-0.08761724174068775
hsv_conic,rgb,srgb_linear,10,0.8792450759110604,0.9708135489807216,0.8939211207245401,0.8920791404002923,7.91775324491911,7.673425436314167,7.496828610605661,7.8393227396503224,34.595471137060706,32.72496099337972,31.15979519695565,33.6822756632481,34.595471137060706,-0.9131954738126069
c16,oklch,rgb,10,0.8806695789869561,0.9184662707596537,0.9507474213347489,0.891710992426416,7.832689776667282,7.8159916984152575,7.673425436314167,7.889782711341186,33.256139919264164,32.661160784563286,32.72496099337972,33.6766946216431,33.256139919264164,0.42055470237893644
ictcp_pq,jzazbz,xyz,10,0.7838800132315671,0.9107417779428364,0.8313615532766935,0.823468652129832,7.286426627201346,7.943999943381203,6.646894189985868,7.504311668023638,32.70964465056424,35.48254059634142,26.761019442700896,33.6611200762856,35.48254059634142,-1.821420520055824
cielab,ictcp_pq,srgb_linear,10,0.8151917233176869,0.8799639094442494,0.898138993313812,0.8498279690270133,7.573457329032071,7.286426627201346,7.496828610605661,7.733120553075722,32.833098980563705,32.70964465056424,31.15979519695565,33.604989856050665,32.833098980563705,0.7718908754869602
c16,rgb,ycbcr_bt709,10,0.9079039857418565,0.9507474213347489,0.9301968070229979,0.934327573864489,7.832689776667282,7.673425436314167,7.830464716896323,7.742526752271904,33.256139919264164,32.72496099337972,34.730908314849835,33.602122412861036,34.730908314849835,-1.128785901988799
rgb,xyz,ycbcr_bt709,10,0.8086291694789827,0.828285238257164,0.934327573864489,0.8530732601696454,7.673425436314167,6.646894189985868,7.830464716896323,7.764957627656227,32.72496099337972,26.761019442700896,34.730908314849835,33.59718969095165,34.730908314849835,-1.133718623898183
c16,cielab,jzczhz,10,0.8868686009799809,0.9413819745312187,0.9327782011366346,0.8983047276893142,7.832689776667282,7.573457329032071,7.6139420129962785,7.877515472414716,33.256139919264164,32.833098980563705,32.057920716895914,33.58225842434126,33.256139919264164,0.3261185050770976
ictcp_pq,jzczhz,ycbcr_bt709,10,0.8323139436551997,0.8893382370013814,0.8760256573171065,0.8981062955867218,7.286426627201346,7.6139420129962785,7.830464716896323,7.6624043039674845,32.70964465056424,32.057920716895914,34.730908314849835,33.56473287109624,34.730908314849835,-1.1661754437535947
c16,hsv_conic,jzazbz,10,0.9232032496953296,0.9519898656952049,0.945304482431502,0.9490967037589624,7.832689776667282,7.91775324491911,7.943999943381203,7.7365504691817675,33.256139919264164,34.595471137060706,35.48254059634142,33.56303337447552,35.48254059634142,-1.9195072218658993
c16,jzczhz,rgb,10,0.8947868929682612,0.9327782011366346,0.9507474213347489,0.9048917610699293,7.832689776667282,7.6139420129962785,7.673425436314167,7.864963265545983,33.256139919264164,32.057920716895914,32.72496099337972,33.552683045994755,33.256139919264164,0.29654312673059025
c02,c16,ictcp_pq,10,0.8617381880211253,0.9639084923484731,0.8826958123373826,0.8767441144701673,7.796517775252461,7.832689776667282,7.286426627201346,7.840371849571028,33.77989990197807,33.256139919264164,32.70964465056424,33.535729257439165,33.77989990197807,-0.24417064453890447
cielab,hsv_conic,xyz,10,0.8063741383899388,0.9604017465403342,0.8283594703606287,0.8225911876234253,7.573457329032071,7.91775324491911,6.646894189985868,7.796070047704022,32.833098980563705,34.595471137060706,26.761019442700896,33.52728782106424,34.595471137060706,-1.068183315996464
cielab,jzczhz,srgb_linear,10,0.8319872016030925,0.8983047276893142,0.898138993313812,0.8640594007659332,7.573457329032071,7.6139420129962785,7.496828610605661,7.909192301168415,32.833098980563705,32.057920716895914,31.15979519695565,33.50394558722791,32.833098980563705,0.670846606664206
jzczhz,oklab,oklch,10,0.8473592923827427,0.8990338981361082,0.9120282825059723,0.8821503410495527,7.6139420129962785,7.828507696346305,7.8159916984152575,7.927642402453604,32.057920716895914,35.39255811487449,32.661160784563286,33.49849850006028,35.39255811487449,-1.8940596148142106
ictcp_pq,jzczhz,rgb,10,0.8338274914768773,0.8893382370013814,0.8717592922676731,0.9048917610699293,7.286426627201346,7.6139420129962785,7.673425436314167,7.6007258508156585,32.70964465056424,32.057920716895914,32.72496099337972,33.47586156661656,32.72496099337972,0.7509005732368408
cielab,rgb,xyz,10,0.8139376578938708,0.9709809720402086,0.8283594703606287,0.828285238257164,7.573457329032071,7.673425436314167,6.646894189985868,7.762551795096618,32.833098980563705,32.72496099337972,26.761019442700896,33.41662238171295,32.833098980563705,0.5835234011492432
c16,oklch,xyz,10,0.7611858279029953,0.9184662707596537,0.819191675703592,0.7840476845922458,7.832689776667282,7.8159916984152575,6.646894189985868,7.892927878438849,33.256139919264164,32.661160784563286,26.761019442700896,33.41036075593062,33.256139919264164,0.15422083666645392
ictcp_pq,xyz,ycbcr_bt709,10,0.7807958465593674,0.8313615532766935,0.8760256573171065,0.8530732601696454,7.286426627201346,6.646894189985868,7.830464716896323,7.4355597242203775,32.70964465056424,26.761019442700896,34.730908314849835,33.40902558241904,34.730908314849835,-1.3218827324307938
c02,hsv_conic,ictcp_pq,10,0.8573189313982379,0.9477453032263033,0.8826958123373826,0.8833828997277997,7.796517775252461,7.91775324491911,7.286426627201346,7.615507207142852,33.77989990197807,34.595471137060706,32.70964465056424,33.406269360434734,34.595471137060706,-1.1892017766259713
jzczhz,xyz,ycbcr_bt709,10,0.7903118499376836,0.828598392422393,0.8981062955867218,0.8530732601696454,7.6139420129962785,6.646894189985868,7.830464716896323,7.643958883995287,32.057920716895914,26.761019442700896,34.730908314849835,33.405078126246906,34.730908314849835,-1.3258301886029287
c16,hsv_conic,ictcp_pq,10,0.8565141381501787,0.9519898656952049,0.8767441144701673,0.8833828997277997,7.832689776667282,7.91775324491911,7.286426627201346,7.6958809540023765,33.256139919264164,34.595471137060706,32.70964465056424,33.38855702534519,34.595471137060706,-1.2069141117155127
hsv_conic,jzczhz,oklch,10,0.8675440683655287,0.9179826041672545,0.904363940676593,0.9120282825059723,7.91775324491911,7.6139420129962785,7.8159916984152575,7.928042124482234,34.595471137060706,32.057920716895914,32.661160784563286,33.373417605803986,34.595471137060706,-1.2220535312567193
cielab,xyz,ycbcr_bt709,10,0.81169030809635,0.8283594703606287,0.9404343766803901,0.8530732601696454,7.573457329032071,6.646894189985868,7.830464716896323,7.69960945474336,32.833098980563705,26.761019442700896,34.730908314849835,33.35063939862397,34.730908314849835,-1.380268916225866
cielab,jzczhz,oklch,10,0.8466046149796277,0.8983047276893142,0.8818726509016935,0.9120282825059723,7.573457329032071,7.6139420129962785,7.8159916984152575,7.910420501393917,32.833098980563705,32.057920716895914,32.661160784563286,33.33132376401076,32.833098980563705,0.498224783447057
cielab,oklch,srgb_linear,10,0.8208390225685072,0.8818726509016935,0.898138993313812,0.8592273158915689,7.573457329032071,7.8159916984152575,7.496828610605661,7.908887418601195,32.833098980563705,32.661160784563286,31.15979519695565,33.31261727986914,32.833098980563705,0.47951829930543255
jzczhz,oklch,rgb,10,0.8548481080211191,0.9120282825059723,0.9048917610699293,0.891710992426416,7.6139420129962785,7.8159916984152575,7.673425436314167,7.916664424909548,32.057920716895914,32.661160784563286,32.72496099337972,33.30703360250399,32.72496099337972,0.5820726091242747
jzczhz,oklch,srgb_linear,10,0.8186719283242523,0.9120282825059723,0.8640594007659332,0.8592273158915689,7.6139420129962785,7.8159916984152575,7.496828610605661,7.905479521873384,32.057920716895914,32.661160784563286,31.15979519695565,33.24698963060273,32.661160784563286,0.5858288460394405
hsv_conic,rgb,xyz,10,0.8116473866322524,0.9708135489807216,0.8225911876234253,0.828285238257164,7.91775324491911,7.673425436314167,6.646894189985868,7.769037601010865,34.595471137060706,32.72496099337972,26.761019442700896,33.24173512477713,34.595471137060706,-1.3537360122835764
c02,cielab,xyz,10,0.7933194449830647,0.9371273093720178,0.8197369389759978,0.8283594703606287,7.796517775252461,7.573457329032071,6.646894189985868,7.763706638207073,33.77989990197807,32.833098980563705,26.761019442700896,33.24153057999579,33.77989990197807,-0.5383693219822803
c02,jzczhz,oklch,10,0.8676296433043957,0.9190589965860401,0.9036829775766595,0.9120282825059723,7.796517775252461,7.6139420129962785,7.8159916984152575,7.895948425635486,33.77989990197807,32.057920716895914,32.661160784563286,33.23973383418505,33.77989990197807,-0.5401660677930167
c16,cielab,srgb_linear,10,0.866478906385133,0.9413819745312187,0.8915819483184491,0.898138993313812,7.832689776667282,7.573457329032071,7.496828610605661,7.890702009064799,33.256139919264164,32.833098980563705,31.15979519695565,33.22246378946325,33.256139919264164,-0.0336761298009165
c16,cielab,xyz,10,0.7951942960262627,0.9413819745312187,0.819191675703592,0.8283594703606287,7.832689776667282,7.573457329032071,6.646894189985868,7.874633523596065,33.256139919264164,32.833098980563705,26.761019442700896,33.2083822356691,33.256139919264164,-0.047757683595065714
jzczhz,oklch,ycbcr_bt709,10,0.8538480056296096,0.9120282825059723,0.8981062955867218,0.8955676128072436,7.6139420129962785,7.8159916984152575,7.830464716896323,7.906291536734203,32.057920716895914,32.661160784563286,34.730908314849835,33.197907052505634,34.730908314849835,-1.5330012623442002
cielab,rgb,srgb_linear,10,0.8808132925977151,0.9709809720402086,0.898138993313812,0.8920791404002923,7.573457329032071,7.673425436314167,7.496828610605661,7.699368223207863,32.833098980563705,32.72496099337972,31.15979519695565,33.15902717839648,32.833098980563705,0.3259281978327735
jzazbz,jzczhz,oklch,10,0.8575310952459908,0.9100334886716965,0.8927790572384648,0.9120282825059723,7.943999943381203,7.6139420129962785,7.8159916984152575,7.89320990640117,35.48254059634142,32.057920716895914,32.661160784563286,33.13981864004922,35.48254059634142,-2.342721956292202
c02,oklch,xyz,10,0.7542304975784395,0.9036829775766595,0.8197369389759978,0.7840476845922458,7.796517775252461,7.8159916984152575,6.646894189985868,7.803709670978407,33.77989990197807,32.661160784563286,26.761019442700896,33.115897364481526,33.77989990197807,-0.6640025374965433
cielab,rgb,ycbcr_bt709,10,0.9230705024103083,0.9709809720402086,0.9404343766803901,0.934327573864489,7.573457329032071,7.673425436314167,7.830464716896323,7.695177680539134,32.833098980563705,32.72496099337972,34.730908314849835,33.10230762193034,34.730908314849835,-1.6286006929194912
cielab,hsv_conic,rgb,10,0.9511022647187559,0.9604017465403342,0.9709809720402086,0.9708135489807216,7.573457329032071,7.91775324491911,7.673425436314167,7.742308964147794,32.833098980563705,34.595471137060706,32.72496099337972,33.08698769893865,34.595471137060706,-1.508483438122056
c16,jzczhz,oklch,10,0.8817988586382561,0.9327782011366346,0.9184662707596537,0.9120282825059723,7.832689776667282,7.6139420129962785,7.8159916984152575,7.895298454955835,33.256139919264164,32.057920716895914,32.661160784563286,33.06867707907413,33.256139919264164,-0.18746284019003667
jzczhz,rgb,srgb_linear,10,0.8322039543116901,0.9048917610699293,0.8640594007659332,0.8920791404002923,7.6139420129962785,7.673425436314167,7.496828610605661,7.860446375891226,32.057920716895914,32.72496099337972,31.15979519695565,33.045623502431,32.72496099337972,0.3206625090512816
c02,c16,xyz,10,0.8015450094022549,0.9639084923484731,0.8197369389759978,0.819191675703592,7.796517775252461,7.832689776667282,6.646894189985868,7.743123167408629,33.77989990197807,33.256139919264164,26.761019442700896,32.97400746364304,33.77989990197807,-0.8058924383350288
cielab,ictcp_pq,rgb,10,0.8615145307882411,0.8799639094442494,0.9709809720402086,0.8717592922676731,7.573457329032071,7.286426627201346,7.673425436314167,7.642754189011524,32.833098980563705,32.70964465056424,32.72496099337972,32.95516976770805,32.833098980563705,0.12207078714434516
hsv_conic,jzczhz,xyz,10,0.7857540769368757,0.9179826041672545,0.8225911876234253,0.828598392422393,7.91775324491911,7.6139420129962785,6.646894189985868,7.687977395630533,34.595471137060706,32.057920716895914,26.761019442700896,32.936265611261135,34.595471137060706,-1.659205525799571
cielab,oklab,rgb,10,0.9302177110044172,0.9508551373258427,0.9709809720402086,0.938205366135797,7.573457329032071,7.828507696346305,7.673425436314167,7.603146338158699,32.833098980563705,35.39255811487449,32.72496099337972,32.93227931376115,35.39255811487449,-2.46027880111334
oklch,rgb,srgb_linear,10,0.8225134325427712,0.891710992426416,0.8592273158915689,0.8920791404002923,7.8159916984152575,7.673425436314167,7.496828610605661,7.85857762343331,32.661160784563286,32.72496099337972,31.15979519695565,32.88425543166717,32.72496099337972,0.1592944382874535
cielab,jzazbz,rgb,10,0.9294640242526034,0.947718662042884,0.9709809720402086,0.9400443106296992,7.573457329032071,7.943999943381203,7.673425436314167,7.616776873153628,32.833098980563705,35.48254059634142,32.72496099337972,32.832729059348736,35.48254059634142,-2.6498115369926865
c02,rgb,xyz,10,0.7955010862774401,0.9414640847428759,0.8197369389759978,0.828285238257164,7.796517775252461,7.673425436314167,6.646894189985868,7.748125191575146,33.77989990197807,32.72496099337972,26.761019442700896,32.83163776460402,33.77989990197807,-0.9482621373740514
c16,rgb,xyz,10,0.7999004151527426,0.9507474213347489,0.819191675703592,0.828285238257164,7.832689776667282,7.673425436314167,6.646894189985868,7.8351742455614275,33.256139919264164,32.72496099337972,26.761019442700896,32.82511410733511,33.256139919264164,-0.43102581192905376
cielab,jzczhz,rgb,10,0.8873523767071113,0.8983047276893142,0.9709809720402086,0.9048917610699293,7.573457329032071,7.6139420129962785,7.673425436314167,7.660143454013456,32.833098980563705,32.057920716895914,32.72496099337972,32.80488277038957,32.833098980563705,-0.028216210174136336
cielab,oklch,rgb,10,0.8726839452091092,0.8818726509016935,0.9709809720402086,0.891710992426416,7.573457329032071,7.8159916984152575,7.673425436314167,7.664712026439898,32.833098980563705,32.661160784563286,32.72496099337972,32.76593558598957,32.833098980563705,-0.06716339457413767
c16,rgb,srgb_linear,10,0.8681613767832321,0.9507474213347489,0.8915819483184491,0.8920791404002923,7.832689776667282,7.673425436314167,7.496828610605661,7.799974718260865,33.256139919264164,32.72496099337972,31.15979519695565,32.65844773923464,33.256139919264164,-0.5976921800295258
c16,ictcp_pq,jzczhz,10,0.8500468798969061,0.8767441144701673,0.9327782011366346,0.8893382370013814,7.832689776667282,7.286426627201346,7.6139420129962785,7.6573906194485755,33.256139919264164,32.70964465056424,32.057920716895914,32.65262702332991,33.256139919264164,-0.6035128959342515
cielab,oklch,xyz,10,0.7482190797735915,0.8818726509016935,0.8283594703606287,0.7840476845922458,7.573457329032071,7.8159916984152575,6.646894189985868,7.787264762302537,32.833098980563705,32.661160784563286,26.761019442700896,32.65159357818839,32.833098980563705,-0.18150540237531487
c16,jzczhz,xyz,10,0.7915809769466791,0.9327782011366346,0.819191675703592,0.828598392422393,7.832689776667282,7.6139420129962785,6.646894189985868,7.653008274213043,33.256139919264164,32.057920716895914,26.761019442700896,32.56457716492797,33.256139919264164,-0.6915627543361964
c02,cielab,rgb,10,0.9249617726983097,0.9371273093720178,0.9414640847428759,0.9709809720402086,7.796517775252461,7.573457329032071,7.673425436314167,7.581183693577048,33.77989990197807,32.833098980563705,32.72496099337972,32.52608962453526,33.77989990197807,-1.2538102774428097
c16,cielab,rgb,10,0.9317409156896149,0.9413819745312187,0.9507474213347489,0.9709809720402086,7.832689776667282,7.573457329032071,7.673425436314167,7.605017676749595,33.256139919264164,32.833098980563705,32.72496099337972,32.51831106947204,33.256139919264164,-0.7378288497921233
hsv_conic,ictcp_pq,jzczhz,10,0.8456230001887368,0.8833828997277997,0.9179826041672545,0.8893382370013814,7.91775324491911,7.286426627201346,7.6139420129962785,7.506692137957636,34.595471137060706,32.70964465056424,32.057920716895914,32.482867553608536,34.595471137060706,-2.11260358345217
oklch,rgb,xyz,10,0.7529470785959969,0.891710992426416,0.7840476845922458,0.828285238257164,7.8159916984152575,7.673425436314167,6.646894189985868,7.787936473444487,32.661160784563286,32.72496099337972,26.761019442700896,32.449863751079796,32.72496099337972,-0.27509724229992116
ictcp_pq,jzczhz,oklch,10,0.8207913168018081,0.8893382370013814,0.8397021995254036,0.9120282825059723,7.286426627201346,7.6139420129962785,7.8159916984152575,7.730653972893985,32.70964465056424,32.057920716895914,32.661160784563286,32.36265962714205,32.70964465056424,-0.3469850234221923
c02,jzczhz,xyz,10,0.7851389755690616,0.9190589965860401,0.8197369389759978,0.828598392422393,7.796517775252461,7.6139420129962785,6.646894189985868,7.561790443726939,33.77989990197807,32.057920716895914,26.761019442700896,32.294417472009215,33.77989990197807,-1.4854824299688545
c02,ictcp_pq,jzczhz,10,0.8460517517049171,0.8826958123373826,0.9190589965860401,0.8893382370013814,7.796517775252461,7.286426627201346,7.6139420129962785,7.522559396201989,33.77989990197807,32.70964465056424,32.057920716895914,32.2791962935612,33.77989990197807,-1.5007036084168703
jzczhz,oklch,xyz,10,0.7634510424349561,0.9120282825059723,0.828598392422393,0.7840476845922458,7.6139420129962785,7.8159916984152575,6.646894189985868,7.640215015277704,32.057920716895914,32.661160784563286,26.761019442700896,32.224930914563274,32.661160784563286,-0.43622987000001245
hsv_conic,srgb_linear,xyz,10,0.8115875867686075,0.8939211207245401,0.8225911876234253,0.9060910647900478,7.91775324491911,7.496828610605661,6.646894189985868,7.664104015299169,34.595471137060706,31.15979519695565,26.761019442700896,32.219472001872404,34.595471137060706,-2.3759991351883016
ictcp_pq,rgb,xyz,10,0.7670138794257154,0.8717592922676731,0.8313615532766935,0.828285238257164,7.286426627201346,7.673425436314167,6.646894189985868,7.378386843205602,32.70964465056424,32.72496099337972,26.761019442700896,32.17826272569932,32.72496099337972,-0.546698267680398
jzazbz,srgb_linear,xyz,10,0.8158859500364304,0.9016544266659547,0.823468652129832,0.9060910647900478,7.943999943381203,7.496828610605661,6.646894189985868,7.607838801840728,35.48254059634142,31.15979519695565,26.761019442700896,31.99545830617999,35.48254059634142,-3.487082290161432
oklab,srgb_linear,xyz,10,0.8223764200226048,0.9067578798705721,0.8313000965821944,0.9060910647900478,7.828507696346305,7.496828610605661,6.646894189985868,7.604585591456662,35.39255811487449,31.15979519695565,26.761019442700896,31.981334137888002,35.39255811487449,-3.411223976986488
srgb_linear,xyz,ycbcr_bt709,10,0.845691312024309,0.9060910647900478,0.9320252787296435,0.8530732601696454,7.496828610605661,6.646894189985868,7.830464716896323,7.6031586898384855,31.15979519695565,26.761019442700896,34.730908314849835,31.94755074530266,34.730908314849835,-2.7833575695471744
cielab,jzczhz,xyz,10,0.7793582740784832,0.8983047276893142,0.8283594703606287,0.828598392422393,7.573457329032071,7.6139420129962785,6.646894189985868,7.556953223957097,32.833098980563705,32.057920716895914,26.761019442700896,31.946489198522208,32.833098980563705,-0.8866097820414964
jzczhz,rgb,xyz,10,0.7825902922819289,0.9048917610699293,0.828598392422393,0.828285238257164,7.6139420129962785,7.673425436314167,6.646894189985868,7.560374457487988,32.057920716895914,32.72496099337972,26.761019442700896,31.789300312748566,32.72496099337972,-0.9356606806311518
cielab,ictcp_pq,xyz,10,0.7709250621495682,0.8799639094442494,0.8283594703606287,0.8313615532766935,7.573457329032071,7.286426627201346,6.646894189985868,7.303134925355515,32.833098980563705,32.70964465056424,26.761019442700896,31.759366529875088,32.833098980563705,-1.0737324506886168
oklch,srgb_linear,xyz,10,0.7752639739542964,0.8592273158915689,0.7840476845922458,0.9060910647900478,7.8159916984152575,7.496828610605661,6.646894189985868,7.581737767736335,32.661160784563286,31.15979519695565,26.761019442700896,31.7488211802113,32.661160784563286,-0.9123396043519847
rgb,srgb_linear,xyz,10,0.8135920155361273,0.8920791404002923,0.828285238257164,0.9060910647900478,7.673425436314167,7.496828610605661,6.646894189985868,7.580296467382484,32.72496099337972,31.15979519695565,26.761019442700896,31.695869266395917,32.72496099337972,-1.0290917269838005
c16,srgb_linear,xyz,10,0.8089905312323917,0.8915819483184491,0.819191675703592,0.9060910647900478,7.832689776667282,7.496828610605661,6.646894189985868,7.552088514080163,33.256139919264164,31.15979519695565,26.761019442700896,31.617748628865805,33.256139919264164,-1.63839129039836
cielab,srgb_linear,xyz,10,0.8166150460685715,0.898138993313812,0.8283594703606287,0.9060910647900478,7.573457329032071,7.496828610605661,6.646894189985868,7.521409992957544,32.833098980563705,31.15979519695565,26.761019442700896,31.456045926912097,32.833098980563705,-1.3770530536516077
c02,srgb_linear,xyz,10,0.8051291015170099,0.8833168196272556,0.8197369389759978,0.9060910647900478,7.796517775252461,7.496828610605661,6.646894189985868,7.497565913386838,33.77989990197807,31.15979519695565,26.761019442700896,31.45547957009307,33.77989990197807,-2.324420331885001
jzczhz,srgb_linear,xyz,10,0.7998247986498657,0.8640594007659332,0.828598392422393,0.9060910647900478,7.6139420129962785,7.496828610605661,6.646894189985868,7.3307894823933095,32.057920716895914,31.15979519695565,26.761019442700896,30.76992246393881,32.057920716895914,-1.287998252957106
ictcp_pq,srgb_linear,xyz,10,0.7940934232873962,0.8498279690270133,0.8313615532766935,0.9060910647900478,7.286426627201346,7.496828610605661,6.646894189985868,7.201824461887368,32.70964465056424,31.15979519695565,26.761019442700896,30.266388505570035,32.70964465056424,-2.4432561449942085
